{"$schema":"http://schema.management.azure.com/schemas/2015-01-01/deploymentTemplate.json#","contentVersion":"1.0.0.0","parameters":{"factoryName":{"type":"string","metadata":"Data Factory name"},"AzureDataLakeStorage1":{"type":"string"}},"variables":{"factoryId":"[concat('Microsoft.DataFactory/factories/', parameters('factoryName'))]"},"resources":[{"name":"[concat(parameters('factoryName'), '/pipeline1')]","type":"Microsoft.DataFactory/factories/pipelines","apiVersion":"2018-06-01","properties":{"activities":[{"name":"studentdataflow","type":"ExecuteDataFlow","dependsOn":[],"policy":{"timeout":"0.12:00:00","retry":0,"retryIntervalInSeconds":30,"secureOutput":false,"secureInput":false},"userProperties":[],"typeProperties":{"dataflow":{"referenceName":"studentdataflow","type":"DataFlowReference","parameters":{},"datasetParameters":{"source1":{},"studentprocessedsink":{}},"linkedServiceParameters":{}},"staging":{},"compute":{"coreCount":8,"computeType":"General"},"traceLevel":"Fine"}}],"policy":{"elapsedTimeMetric":{}},"annotations":[]},"dependsOn":["[concat(variables('factoryId'), '/dataflows/studentdataflow')]"]},{"name":"[concat(parameters('factoryName'), '/studentdataflow')]","type":"Microsoft.DataFactory/factories/dataflows","apiVersion":"2018-06-01","properties":{"type":"MappingDataFlow","typeProperties":{"sources":[{"dataset":{"referenceName":"studentrawdata","type":"DatasetReference"},"name":"source1"}],"sinks":[{"dataset":{"referenceName":"Studentprocesseddata","type":"DatasetReference"},"name":"studentprocessedsink"}],"transformations":[{"name":"derivedColumn1"},{"name":"filteringactivestudent"},{"name":"select1"}],"scriptLines":["source(output(","          StudentID as integer,","          FirstName as string,","          LastName as string,","          Email as string,","          Course as string,","          RegistrationDate as date,","          Status as string,","          Country as string,","          Age as integer,","          Gender as string","     ),","     allowSchemaDrift: true,","     validateSchema: false,","     ignoreNoFilesFound: false) ~> source1","source1 derive({Full Name} = FirstName + ' ' + LastName,","          RegYear = year(RegistrationDate),","          RegMonth = month(RegistrationDate),","          IsMinor = iif(Age < 22, 'Yes', 'No')) ~> derivedColumn1","derivedColumn1 filter(Status == 'Active') ~> filteringactivestudent","filteringactivestudent select(mapColumn(","          StudentID,","          {Full Name},","          Email,","          Age,","          Gender,","          Course,","          RegistrationDate,","          RegYear,","          RegMonth,","          Country,","          IsMinor","     ),","     skipDuplicateMapInputs: true,","     skipDuplicateMapOutputs: true) ~> select1","select1 sink(allowSchemaDrift: true,","     validateSchema: false,","     umask: 0022,","     preCommands: [],","     postCommands: [],","     skipDuplicateMapInputs: true,","     skipDuplicateMapOutputs: true) ~> studentprocessedsink"]}},"dependsOn":["[concat(variables('factoryId'), '/datasets/studentrawdata')]","[concat(variables('factoryId'), '/datasets/Studentprocesseddata')]"]},{"name":"[concat(parameters('factoryName'), '/studentrawdata')]","type":"Microsoft.DataFactory/factories/datasets","apiVersion":"2018-06-01","properties":{"linkedServiceName":{"referenceName":"[parameters('AzureDataLakeStorage1')]","type":"LinkedServiceReference"},"annotations":[],"type":"DelimitedText","typeProperties":{"location":{"type":"AzureBlobFSLocation","fileName":"student_registrations_sample.txt","folderPath":"student-registrations","fileSystem":"rawdata"},"columnDelimiter":",","escapeChar":"\\","firstRowAsHeader":true,"quoteChar":"\""},"schema":[{"name":"StudentID","type":"String"},{"name":"FirstName","type":"String"},{"name":"LastName","type":"String"},{"name":"Email","type":"String"},{"name":"Course","type":"String"},{"name":"RegistrationDate","type":"String"},{"name":"Status","type":"String"},{"name":"Country","type":"String"},{"name":"Age","type":"String"},{"name":"Gender","type":"String"}]},"dependsOn":[]},{"name":"[concat(parameters('factoryName'), '/Studentprocesseddata')]","type":"Microsoft.DataFactory/factories/datasets","apiVersion":"2018-06-01","properties":{"linkedServiceName":{"referenceName":"[parameters('AzureDataLakeStorage1')]","type":"LinkedServiceReference"},"annotations":[],"type":"DelimitedText","typeProperties":{"location":{"type":"AzureBlobFSLocation","folderPath":"ProcessedStudentData","fileSystem":"processeddata"},"columnDelimiter":",","escapeChar":"\\","firstRowAsHeader":true,"quoteChar":"\""},"schema":[]},"dependsOn":[]}]}